id,partnerid,name,type,amount,price
1,2,dog rope,toys,5,15
2,2,cat pole,toys,3,25
3,2,frisbee,toys,10,5
4,2,ball,toys,20,6
5,3,dry dog food,food,25,40
6,3,dry cat food,food,20,10
8,3,wet dog food,food,20,10
9,3,wet cat food,food,25,8
10,4,heartworm medicine,health,12,20
11,4,dog vitamin,health,10,20
12,4,flea collar,health,10,10
13,3,rabbit food,food,20,10
14,4,cat vitamin,health,30,10
15,5,small kennel,accessories,5,35
16,5,large kennel,accessories,5,125
17,5,medium kennel,accessories,5,75
18,5,litter box,accessories,20,50
